﻿<?xml version="1.0" encoding="utf-8"?>

<!--
0=Spine , 1=Spine1 , 2=Spine2, 3=Spine3, 4=Spine4 , 5=Neck, 6=Head, 
7=RightShoulder, 8=RightArm, 9=RightForeArm, 10=RightHand, 
11=LeftShoulder, 12=LeftArm, 13=LeftForeArm, 14=LeftHand, 
15=RightUpLeg, 16=RightLeg, 17=RightFoot, 18=RightToeBase,
19=LeftUpLeg, 20=LeftLeg, 21=LeftFoot, 22=LeftToeBase
-->

<!--DefaultActor-->
<ActorBones>
  <bone ConnectId = "0" name = "Bip01" X="X" Y="-Z" Z="Y" XR="0.0" YR="0.0" ZR="0.0"></bone>
  <bone ConnectId = "1" name = "Bip01_Spine" X="Z" Y="Y" Z="-X" XR="0.0" YR="-90.0" ZR="-90.0"></bone>
  <bone ConnectId = "2" name = "Bip01_Spine1" X="Z" Y="Y" Z="-X" XR="0.0" YR="0.0" ZR="0.0"></bone>
  <bone ConnectId = "3" name = "Bip01_Spine2" X="Z" Y="Y" Z="-X" XR="0.0" YR="0.0" ZR="0.0"></bone>
  <bone ConnectId = "4" name = "Bip01_Spine4" X="Z" Y="Y" Z="-X" XR="0.0" YR="0.0" ZR="0.0"></bone>
  <bone ConnectId = "5" name = "Bip01_Neck1" X="Z" Y="-Y" Z="X" XR="180.0" YR="0.0" ZR="0.0"></bone>
  <bone ConnectId = "6" name = "Bip01_Head1" X="Z" Y="-Y" Z="X" XR="0.0" YR="0.0" ZR="0.0"></bone>

  <bone ConnectId = "7" name = "Bip01_R_Clavicle" X="-X" Y="-Z" Z="-Y" XR="90.0" YR="-90.0" ZR="0.0"></bone>
  <bone ConnectId = "8" name = "Bip01_R_UpperArm" X="-X" Y="-Y" Z="Z" XR="90.0" YR="0.0" ZR="0.0"></bone>
  <bone ConnectId = "9" name = "Bip01_R_Forearm" X="-X" Y="-Y" Z="Z" XR="0.0" YR="0.0" ZR="0.0"></bone>
  <bone ConnectId = "10" name = "Bip01_R_Hand" X="-X" Y="-Z" Z="-Y" XR="-90.0" YR="0.0" ZR="0.0"></bone>

  <bone ConnectId = "11" name = "Bip01_L_Clavicle" X="X" Y="-Z" Z="Y" XR="-90.0" YR="90.0" ZR="0.0"></bone>
  <bone ConnectId = "12" name = "Bip01_L_UpperArm" X="X" Y="-Y" Z="-Z" XR="-90.0" YR="0.0" ZR="0.0"></bone>
  <bone ConnectId = "13" name = "Bip01_L_Forearm" X="X" Y="-Y" Z="-Z" XR="0.0" YR="0.0" ZR="0.0"></bone>
  <bone ConnectId = "14" name = "Bip01_L_Hand" X="X" Y="-Z" Z="Y" XR="90.0" YR="0.0" ZR="0.0"></bone>

  <bone ConnectId = "15" name = "Bip01_R_Thigh" X="-Z" Y="-Y" Z="-X" XR="0.0" YR="-90.0" ZR="90.0"></bone>
  <bone ConnectId = "16" name = "Bip01_R_Calf" X="-Z" Y="-Y" Z="-X" XR="0.0" YR="0.0" ZR="0.0"></bone>
  <bone ConnectId = "17" name = "Bip01_R_Foot" X="-Z" Y="-Y" Z="-X" XR="0.0" YR="0.0" ZR="45.0"></bone>
  <bone ConnectId = "18" name = "Bip01_R_Toe0" X="-Z" Y="-Y" Z="-X" XR="0.0" YR="0.0" ZR="45.0"></bone>

  <bone ConnectId = "19" name = "Bip01_L_Thigh" X="-Z" Y="-Y" Z="-X" XR="0.0" YR="-90.0" ZR="90.0"></bone>
  <bone ConnectId = "20" name = "Bip01_L_Calf" X="-Z" Y="-Y" Z="-X" XR="0.0" YR="0.0" ZR="0.0"></bone>
  <bone ConnectId = "21" name = "Bip01_L_Foot" X="-Z" Y="-Y" Z="-X" XR="0.0" YR="0.0" ZR="45.0"></bone>
  <bone ConnectId = "22" name = "Bip01_L_Toe0" X="-Z" Y="-Y" Z="-X" XR="0.0" YR="0.0" ZR="45.0"></bone>
</ActorBones>